{
  "project_info": {
    "project_number": "18061847183",
    "firebase_url": "https://databasepractica-69357-default-rtdb.firebaseio.com",
    "project_id": "databasepractica-69357",
    "storage_bucket": "databasepractica-69357.appspot.com"
  },
  "client": [
    {
      "client_info": {
        "mobilesdk_app_id": "1:18061847183:android:740ac80fa3f27b71ee5efa",
        "android_client_info": {
          "package_name": "com.example.myapplication"
        }
      },
      "oauth_client": [
        {
          "client_id": "18061847183-ei8b0mi9e8p6lmo9gr78rq0icg1anafj.apps.googleusercontent.com",
          "client_type": 3
        }
      ],
      "api_key": [
        {
          "current_key": "AIzaSyCCp-TFTvBoHZZLWmPka73roiOwH_i5OC0"
        }
      ],
      "services": {
        "appinvite_service": {
          "other_platform_oauth_client": [
            {
              "client_id": "18061847183-ei8b0mi9e8p6lmo9gr78rq0icg1anafj.apps.googleusercontent.com",
              "client_type": 3
            }
          ]
        }
      }
    }
  ],
  "configuration_version": "1"
}